content,id,time,topic,url
"""LPL春季赛：iG2-1LNG，恭喜iG锁定2020LPL春季赛常规赛第一！赛事预告：1、4月20日WE和OMG将迎来生死战，争夺最后一个季后赛名额。2、季后赛4月23日的赛程确定，由第6名的EDG对战第7名的RNG；​""",4495541612689039,2020-04-19 16:35:47,iG锁定常规赛第一,https://s.weibo.com/weibo?q=%23iG锁定常规赛第一%23&Refer=top
"""不ban我就起飞，太厉害了，肉鸡第二把最后冲进泉水生气了生气了，还能见到shy哥的滑板鞋吗？，我的快乐源泉就要结束了🙃​""",4495556501951973,2020-04-19 16:35:47,iG锁定常规赛第一,https://s.weibo.com/weibo?q=%23iG锁定常规赛第一%23&Refer=top
"""【2020LPL春季赛IG2-1LNG】IG让一追二，最终​""",4495540236076470,2020-04-19 16:35:47,iG锁定常规赛第一,https://s.weibo.com/weibo?q=%23iG锁定常规赛第一%23&Refer=top
"""阿水加油啊，穿着滑板鞋冲冲冲，季后赛加油，拿一个春季赛冠军，再次恭喜泡芙再次失去网恋之矛。​""",4495553120988604,2020-04-19 16:35:47,iG锁定常规赛第一,https://s.weibo.com/weibo?q=%23iG锁定常规赛第一%23&Refer=top
"""​""",4495546339050023,2020-04-19 16:35:47,iG锁定常规赛第一,https://s.weibo.com/weibo?q=%23iG锁定常规赛第一%23&Refer=top
"""TheShy：泡芙，我只玩一次，你看好了，滑板鞋得这么滑。​""",4495559618175695,2020-04-19 16:35:47,iG锁定常规赛第一,https://s.weibo.com/weibo?q=%23iG锁定常规赛第一%23&Refer=top
"""热知识：1.乐言职业生涯盲僧依旧全胜2.IG在本赛季决胜局保持全胜​""",4495541729458047,2020-04-19 16:35:47,iG锁定常规赛第一,https://s.weibo.com/weibo?q=%23iG锁定常规赛第一%23&Refer=top
"""首先恭喜IG，然后想问问为什么IG的最后一天比赛弄了这么个解说啊。三场下来我恨不得关声音去看。背古诗词都比这听着过瘾啊，毫无激情。2深圳​""",4495628795312931,2020-04-19 16:35:47,iG锁定常规赛第一,https://s.weibo.com/weibo?q=%23iG锁定常规赛第一%23&Refer=top
"""搞一波预测个人感觉tes0封fpx有点难但是应该也不会被零封吧然后第八名嗯比较喜欢we​""",4495628321518624,2020-04-19 16:35:47,iG锁定常规赛第一,https://s.weibo.com/weibo?q=%23iG锁定常规赛第一%23&Refer=top
"""解说还是爱米勒和娃娃的搭配，有梗有内容今天那个什么叫鼓鼓的，采访就采访，干嘛总是打断puff的发言，一点都不尊重别人，口误无数，难道没有解说可以上了吗，就这业务能力？？？？季后赛不想看到她，哦不，以后的比赛都不要让我看见她了到底怎么选的解说？凭网红脸吗？？？？​""",4495610188945428,2020-04-19 16:35:47,iG锁定常规赛第一,https://s.weibo.com/weibo?q=%23iG锁定常规赛第一%23&Refer=top
"""乐言总算搞懂了，要不就一直住上路保大哥。要不上路就让敌方打野去上路。他就叫下路推线打小龙，反正上路那人就算前期崩了。中期还有中路大哥能抗住压力让上路大哥发育出来​""",4495598550303845,2020-04-19 16:35:47,iG锁定常规赛第一,https://s.weibo.com/weibo?q=%23iG锁定常规赛第一%23&Refer=top
"""鼓鼓？娜美寿司？黑历史一堆…人品这么差还能上解说席别扯解说这块有能力不在乎人品怎么样人品和业务能力都重要好吧而且就今晚这bo3？就这？穿个漏肩的搁这开晚宴呢？也不是说不能穿心思别花在这方面上成不？醉了…真就有颜有身材就能上​""",4495597144584340,2020-04-19 16:35:47,iG锁定常规赛第一,https://s.weibo.com/weibo?q=%23iG锁定常规赛第一%23&Refer=top
"""今日宇弟分析各大赛事到此结束🙈🙈，希望各位看到我这么努力的面子上给我一个关注吧🙈卑微宇iG赛后合照，恭喜@iG电子竞技俱乐部锁定常规赛第一！​​​""",4495594435528631,2020-04-19 16:35:47,iG锁定常规赛第一,https://s.weibo.com/weibo?q=%23iG锁定常规赛第一%23&Refer=top
"""【Rookie吐槽小乐言：我跟他同年的时候可不会giaogiao这种东西】Rookie：“他是02年的，我是真的是看不懂的。”“我跟他同年的时候可不是这样子的，我可不会说giaogiao这种很奇怪的话。”话说现在宋义进说话都没啥口音了L带电体情报员的微博视频​""",4495568435060455,2020-04-19 16:35:47,iG锁定常规赛第一,https://s.weibo.com/weibo?q=%23iG锁定常规赛第一%23&Refer=top
"""冷知识：TheShy的滑板鞋在2020春季赛常规赛胜率是100%​""",4495544443677252,2020-04-19 16:35:47,iG锁定常规赛第一,https://s.weibo.com/weibo?q=%23iG锁定常规赛第一%23&Refer=top
"""【赛后讨论】​""",4495542190732734,2020-04-19 16:35:47,iG锁定常规赛第一,https://s.weibo.com/weibo?q=%23iG锁定常规赛第一%23&Refer=top
"""不是所有剑魔都能下凡，但是会有剑魔下饭的​""",4495555365454241,2020-04-19 16:35:47,iG锁定常规赛第一,https://s.weibo.com/weibo?q=%23iG锁定常规赛第一%23&Refer=top
"""把今晚这两场补完了，观感差距太大，要看吐了。​""",4495585224332930,2020-04-19 16:35:47,iG锁定常规赛第一,https://s.weibo.com/weibo?q=%23iG锁定常规赛第一%23&Refer=top
"""【iGvsLNG】第三局MVP给到了Rookie。​""",4495541582508985,2020-04-19 16:35:47,iG锁定常规赛第一,https://s.weibo.com/weibo?q=%23iG锁定常规赛第一%23&Refer=top
"""G2又来整活了，🐰宝也太可爱了。👩爱了​""",4495561334144366,2020-04-19 16:35:47,iG锁定常规赛第一,https://s.weibo.com/weibo?q=%23iG锁定常规赛第一%23&Refer=top
"""【IG赛后群访-南风：第一次进季后赛还是以头名的方式进去的。】“扛上我心爱滴小南风”Q：今天连续选到了卡莉斯塔，再次使用感觉如何？TheShy：其实不太想用这个英雄，没想过用，不过对面放出来了，就用了。Q：今天锁定头名进入季后赛，下一场比赛将在26号，有比较想遇到的对手么？Rookie：我​展开全文c""",4495550214459725,2020-04-19 16:35:47,iG锁定常规赛第一,https://s.weibo.com/weibo?q=%23iG锁定常规赛第一%23&Refer=top
"""LPL春季赛：iG2-1LNG，恭喜iG锁定2020LPL春季赛常规赛第一！赛事预告：1、4月20日WE和OMG将迎来生死战，争夺最后一个季后赛名额。2、季后赛4月23日的赛程确定，由第6名的EDG对战第7名的RNG；​""",4495541612689039,2020-04-19 16:36:44,iG锁定常规赛第一,https://s.weibo.com/weibo?q=%23iG锁定常规赛第一%23&Refer=top
"""不ban我就起飞，太厉害了，肉鸡第二把最后冲进泉水生气了生气了，还能见到shy哥的滑板鞋吗？，我的快乐源泉就要结束了🙃​""",4495556501951973,2020-04-19 16:36:44,iG锁定常规赛第一,https://s.weibo.com/weibo?q=%23iG锁定常规赛第一%23&Refer=top
"""【2020LPL春季赛IG2-1LNG】IG让一追二，最终​""",4495540236076470,2020-04-19 16:36:44,iG锁定常规赛第一,https://s.weibo.com/weibo?q=%23iG锁定常规赛第一%23&Refer=top
"""阿水加油啊，穿着滑板鞋冲冲冲，季后赛加油，拿一个春季赛冠军，再次恭喜泡芙再次失去网恋之矛。​""",4495553120988604,2020-04-19 16:36:44,iG锁定常规赛第一,https://s.weibo.com/weibo?q=%23iG锁定常规赛第一%23&Refer=top
"""​""",4495546339050023,2020-04-19 16:36:44,iG锁定常规赛第一,https://s.weibo.com/weibo?q=%23iG锁定常规赛第一%23&Refer=top
"""TheShy：泡芙，我只玩一次，你看好了，滑板鞋得这么滑。​""",4495559618175695,2020-04-19 16:36:44,iG锁定常规赛第一,https://s.weibo.com/weibo?q=%23iG锁定常规赛第一%23&Refer=top
"""热知识：1.乐言职业生涯盲僧依旧全胜2.IG在本赛季决胜局保持全胜​""",4495541729458047,2020-04-19 16:36:44,iG锁定常规赛第一,https://s.weibo.com/weibo?q=%23iG锁定常规赛第一%23&Refer=top
"""首先恭喜IG，然后想问问为什么IG的最后一天比赛弄了这么个解说啊。三场下来我恨不得关声音去看。背古诗词都比这听着过瘾啊，毫无激情。2深圳​""",4495628795312931,2020-04-19 16:36:44,iG锁定常规赛第一,https://s.weibo.com/weibo?q=%23iG锁定常规赛第一%23&Refer=top
"""搞一波预测个人感觉tes0封fpx有点难但是应该也不会被零封吧然后第八名嗯比较喜欢we​""",4495628321518624,2020-04-19 16:36:44,iG锁定常规赛第一,https://s.weibo.com/weibo?q=%23iG锁定常规赛第一%23&Refer=top
"""解说还是爱米勒和娃娃的搭配，有梗有内容今天那个什么叫鼓鼓的，采访就采访，干嘛总是打断puff的发言，一点都不尊重别人，口误无数，难道没有解说可以上了吗，就这业务能力？？？？季后赛不想看到她，哦不，以后的比赛都不要让我看见她了到底怎么选的解说？凭网红脸吗？？？？​""",4495610188945428,2020-04-19 16:36:44,iG锁定常规赛第一,https://s.weibo.com/weibo?q=%23iG锁定常规赛第一%23&Refer=top
"""乐言总算搞懂了，要不就一直住上路保大哥。要不上路就让敌方打野去上路。他就叫下路推线打小龙，反正上路那人就算前期崩了。中期还有中路大哥能抗住压力让上路大哥发育出来​""",4495598550303845,2020-04-19 16:36:44,iG锁定常规赛第一,https://s.weibo.com/weibo?q=%23iG锁定常规赛第一%23&Refer=top
"""鼓鼓？娜美寿司？黑历史一堆…人品这么差还能上解说席别扯解说这块有能力不在乎人品怎么样人品和业务能力都重要好吧而且就今晚这bo3？就这？穿个漏肩的搁这开晚宴呢？也不是说不能穿心思别花在这方面上成不？醉了…真就有颜有身材就能上​""",4495597144584340,2020-04-19 16:36:44,iG锁定常规赛第一,https://s.weibo.com/weibo?q=%23iG锁定常规赛第一%23&Refer=top
"""今日宇弟分析各大赛事到此结束🙈🙈，希望各位看到我这么努力的面子上给我一个关注吧🙈卑微宇iG赛后合照，恭喜@iG电子竞技俱乐部锁定常规赛第一！​​​""",4495594435528631,2020-04-19 16:36:44,iG锁定常规赛第一,https://s.weibo.com/weibo?q=%23iG锁定常规赛第一%23&Refer=top
"""【Rookie吐槽小乐言：我跟他同年的时候可不会giaogiao这种东西】Rookie：“他是02年的，我是真的是看不懂的。”“我跟他同年的时候可不是这样子的，我可不会说giaogiao这种很奇怪的话。”话说现在宋义进说话都没啥口音了L带电体情报员的微博视频​""",4495568435060455,2020-04-19 16:36:44,iG锁定常规赛第一,https://s.weibo.com/weibo?q=%23iG锁定常规赛第一%23&Refer=top
"""冷知识：TheShy的滑板鞋在2020春季赛常规赛胜率是100%​""",4495544443677252,2020-04-19 16:36:44,iG锁定常规赛第一,https://s.weibo.com/weibo?q=%23iG锁定常规赛第一%23&Refer=top
"""【赛后讨论】​""",4495542190732734,2020-04-19 16:36:44,iG锁定常规赛第一,https://s.weibo.com/weibo?q=%23iG锁定常规赛第一%23&Refer=top
"""不是所有剑魔都能下凡，但是会有剑魔下饭的​""",4495555365454241,2020-04-19 16:36:44,iG锁定常规赛第一,https://s.weibo.com/weibo?q=%23iG锁定常规赛第一%23&Refer=top
"""把今晚这两场补完了，观感差距太大，要看吐了。​""",4495585224332930,2020-04-19 16:36:44,iG锁定常规赛第一,https://s.weibo.com/weibo?q=%23iG锁定常规赛第一%23&Refer=top
"""【iGvsLNG】第三局MVP给到了Rookie。​""",4495541582508985,2020-04-19 16:36:44,iG锁定常规赛第一,https://s.weibo.com/weibo?q=%23iG锁定常规赛第一%23&Refer=top
"""G2又来整活了，🐰宝也太可爱了。👩爱了​""",4495561334144366,2020-04-19 16:36:44,iG锁定常规赛第一,https://s.weibo.com/weibo?q=%23iG锁定常规赛第一%23&Refer=top
"""【IG赛后群访-南风：第一次进季后赛还是以头名的方式进去的。】“扛上我心爱滴小南风”Q：今天连续选到了卡莉斯塔，再次使用感觉如何？TheShy：其实不太想用这个英雄，没想过用，不过对面放出来了，就用了。Q：今天锁定头名进入季后赛，下一场比赛将在26号，有比较想遇到的对手么？Rookie：我​展开全文c""",4495550214459725,2020-04-19 16:36:44,iG锁定常规赛第一,https://s.weibo.com/weibo?q=%23iG锁定常规赛第一%23&Refer=top
"""LPL春季赛：iG2-1LNG，恭喜iG锁定2020LPL春季赛常规赛第一！赛事预告：1、4月20日WE和OMG将迎来生死战，争夺最后一个季后赛名额。2、季后赛4月23日的赛程确定，由第6名的EDG对战第7名的RNG；​""",4495541612689039,2020-04-19 16:37:19,iG锁定常规赛第一,https://s.weibo.com/weibo?q=%23iG锁定常规赛第一%23&Refer=top
"""不ban我就起飞，太厉害了，肉鸡第二把最后冲进泉水生气了生气了，还能见到shy哥的滑板鞋吗？，我的快乐源泉就要结束了🙃​""",4495556501951973,2020-04-19 16:37:19,iG锁定常规赛第一,https://s.weibo.com/weibo?q=%23iG锁定常规赛第一%23&Refer=top
"""【2020LPL春季赛IG2-1LNG】IG让一追二，最终​""",4495540236076470,2020-04-19 16:37:19,iG锁定常规赛第一,https://s.weibo.com/weibo?q=%23iG锁定常规赛第一%23&Refer=top
"""阿水加油啊，穿着滑板鞋冲冲冲，季后赛加油，拿一个春季赛冠军，再次恭喜泡芙再次失去网恋之矛。​""",4495553120988604,2020-04-19 16:37:19,iG锁定常规赛第一,https://s.weibo.com/weibo?q=%23iG锁定常规赛第一%23&Refer=top
"""​""",4495546339050023,2020-04-19 16:37:19,iG锁定常规赛第一,https://s.weibo.com/weibo?q=%23iG锁定常规赛第一%23&Refer=top
"""TheShy：泡芙，我只玩一次，你看好了，滑板鞋得这么滑。​""",4495559618175695,2020-04-19 16:37:19,iG锁定常规赛第一,https://s.weibo.com/weibo?q=%23iG锁定常规赛第一%23&Refer=top
"""热知识：1.乐言职业生涯盲僧依旧全胜2.IG在本赛季决胜局保持全胜​""",4495541729458047,2020-04-19 16:37:19,iG锁定常规赛第一,https://s.weibo.com/weibo?q=%23iG锁定常规赛第一%23&Refer=top
"""首先恭喜IG，然后想问问为什么IG的最后一天比赛弄了这么个解说啊。三场下来我恨不得关声音去看。背古诗词都比这听着过瘾啊，毫无激情。2深圳​""",4495628795312931,2020-04-19 16:37:19,iG锁定常规赛第一,https://s.weibo.com/weibo?q=%23iG锁定常规赛第一%23&Refer=top
"""搞一波预测个人感觉tes0封fpx有点难但是应该也不会被零封吧然后第八名嗯比较喜欢we​""",4495628321518624,2020-04-19 16:37:19,iG锁定常规赛第一,https://s.weibo.com/weibo?q=%23iG锁定常规赛第一%23&Refer=top
"""解说还是爱米勒和娃娃的搭配，有梗有内容今天那个什么叫鼓鼓的，采访就采访，干嘛总是打断puff的发言，一点都不尊重别人，口误无数，难道没有解说可以上了吗，就这业务能力？？？？季后赛不想看到她，哦不，以后的比赛都不要让我看见她了到底怎么选的解说？凭网红脸吗？？？？​""",4495610188945428,2020-04-19 16:37:19,iG锁定常规赛第一,https://s.weibo.com/weibo?q=%23iG锁定常规赛第一%23&Refer=top
"""乐言总算搞懂了，要不就一直住上路保大哥。要不上路就让敌方打野去上路。他就叫下路推线打小龙，反正上路那人就算前期崩了。中期还有中路大哥能抗住压力让上路大哥发育出来​""",4495598550303845,2020-04-19 16:37:19,iG锁定常规赛第一,https://s.weibo.com/weibo?q=%23iG锁定常规赛第一%23&Refer=top
"""鼓鼓？娜美寿司？黑历史一堆…人品这么差还能上解说席别扯解说这块有能力不在乎人品怎么样人品和业务能力都重要好吧而且就今晚这bo3？就这？穿个漏肩的搁这开晚宴呢？也不是说不能穿心思别花在这方面上成不？醉了…真就有颜有身材就能上​""",4495597144584340,2020-04-19 16:37:19,iG锁定常规赛第一,https://s.weibo.com/weibo?q=%23iG锁定常规赛第一%23&Refer=top
"""今日宇弟分析各大赛事到此结束🙈🙈，希望各位看到我这么努力的面子上给我一个关注吧🙈卑微宇iG赛后合照，恭喜@iG电子竞技俱乐部锁定常规赛第一！​​​""",4495594435528631,2020-04-19 16:37:19,iG锁定常规赛第一,https://s.weibo.com/weibo?q=%23iG锁定常规赛第一%23&Refer=top
"""【Rookie吐槽小乐言：我跟他同年的时候可不会giaogiao这种东西】Rookie：“他是02年的，我是真的是看不懂的。”“我跟他同年的时候可不是这样子的，我可不会说giaogiao这种很奇怪的话。”话说现在宋义进说话都没啥口音了L带电体情报员的微博视频​""",4495568435060455,2020-04-19 16:37:19,iG锁定常规赛第一,https://s.weibo.com/weibo?q=%23iG锁定常规赛第一%23&Refer=top
"""冷知识：TheShy的滑板鞋在2020春季赛常规赛胜率是100%​""",4495544443677252,2020-04-19 16:37:19,iG锁定常规赛第一,https://s.weibo.com/weibo?q=%23iG锁定常规赛第一%23&Refer=top
"""【赛后讨论】​""",4495542190732734,2020-04-19 16:37:19,iG锁定常规赛第一,https://s.weibo.com/weibo?q=%23iG锁定常规赛第一%23&Refer=top
"""不是所有剑魔都能下凡，但是会有剑魔下饭的​""",4495555365454241,2020-04-19 16:37:19,iG锁定常规赛第一,https://s.weibo.com/weibo?q=%23iG锁定常规赛第一%23&Refer=top
"""把今晚这两场补完了，观感差距太大，要看吐了。​""",4495585224332930,2020-04-19 16:37:19,iG锁定常规赛第一,https://s.weibo.com/weibo?q=%23iG锁定常规赛第一%23&Refer=top
"""【iGvsLNG】第三局MVP给到了Rookie。​""",4495541582508985,2020-04-19 16:37:19,iG锁定常规赛第一,https://s.weibo.com/weibo?q=%23iG锁定常规赛第一%23&Refer=top
"""G2又来整活了，🐰宝也太可爱了。👩爱了​""",4495561334144366,2020-04-19 16:37:19,iG锁定常规赛第一,https://s.weibo.com/weibo?q=%23iG锁定常规赛第一%23&Refer=top
"""【IG赛后群访-南风：第一次进季后赛还是以头名的方式进去的。】“扛上我心爱滴小南风”Q：今天连续选到了卡莉斯塔，再次使用感觉如何？TheShy：其实不太想用这个英雄，没想过用，不过对面放出来了，就用了。Q：今天锁定头名进入季后赛，下一场比赛将在26号，有比较想遇到的对手么？Rookie：我​展开全文c""",4495550214459725,2020-04-19 16:37:19,iG锁定常规赛第一,https://s.weibo.com/weibo?q=%23iG锁定常规赛第一%23&Refer=top
"""【】日本一位武术老师在家给学生上网课，结果家里的猫咪不乐意了：你到底是要工作还是要我！（YouTube精彩视频/twi:Narugon_BJ）LYouTube精彩视频的微博视频​""",4495464004762089,2020-04-19 16:37:41,武术老师上网课被猫咪打断,https://s.weibo.com/weibo?q=武术老师上网课被猫咪打断&Refer=top
"""如果猫咪会武术，哈哈哈哈请接我一拳化骨绵掌！L李竹一的微博视频​""",4495531348598339,2020-04-19 16:37:41,武术老师上网课被猫咪打断,https://s.weibo.com/weibo?q=武术老师上网课被猫咪打断&Refer=top
"""每一只猫咪都有它独特的一面，能带给你感动，也能给你带来欢乐，就比如……哈哈哈哈哈哈哈哈哈L樱希林LIN的微博视频​""",4495556682865127,2020-04-19 16:37:41,武术老师上网课被猫咪打断,https://s.weibo.com/weibo?q=武术老师上网课被猫咪打断&Refer=top
"""嗯！被打断是正常的…​""",4495584809816445,2020-04-19 16:37:41,武术老师上网课被猫咪打断,https://s.weibo.com/weibo?q=武术老师上网课被猫咪打断&Refer=top
"""哈哈哈哈哈哈哈哈哈哈太🉑️🉑️了这行为就跟连淮伟拆礼物时十三一直在周边绕一样！太抢眼了​""",4495643915845811,2020-04-19 16:37:41,武术老师上网课被猫咪打断,https://s.weibo.com/weibo?q=武术老师上网课被猫咪打断&Refer=top
"""【】日本一位武术老师在家给学生上网课，结果家里的猫咪不乐意了：你到底是要工作还是要我！（twi:Narugon_BJ）LYouTube精彩视频的微博视频​​​@YouTube精彩视频​""",4495604220265695,2020-04-19 16:37:41,武术老师上网课被猫咪打断,https://s.weibo.com/weibo?q=武术老师上网课被猫咪打断&Refer=top
"""软萌妹纸@猫婶汤圆儿经常这样和我对话老貊神聊MoRanL老貊神聊MoRan的微博视频​""",4495590912032961,2020-04-19 16:37:41,武术老师上网课被猫咪打断,https://s.weibo.com/weibo?q=武术老师上网课被猫咪打断&Refer=top
"""当猫咪开始负责主人的安保工作…不愧是你来源:L呆十三的微博视频​""",4495571496581655,2020-04-19 16:37:41,武术老师上网课被猫咪打断,https://s.weibo.com/weibo?q=武术老师上网课被猫咪打断&Refer=top
"""上啥课啊，猫他不香吗还不赶紧抱起来亲亲摸摸​""",4495613150879080,2020-04-19 16:37:41,武术老师上网课被猫咪打断,https://s.weibo.com/weibo?q=武术老师上网课被猫咪打断&Refer=top
"""好可爱的猫好粘人的猫​""",4495605176844958,2020-04-19 16:37:41,武术老师上网课被猫咪打断,https://s.weibo.com/weibo?q=武术老师上网课被猫咪打断&Refer=top
"""每天我都在家被这个小家伙折磨的睡不好觉又皮又奶还抢枕头！！！（希望能遇到一个好主人领养它家里猫太多了照顾不过来～猫龄两个多月）2福州L被98k击中的仙女的微博视频​""",4495603180955572,2020-04-19 16:37:41,武术老师上网课被猫咪打断,https://s.weibo.com/weibo?q=武术老师上网课被猫咪打断&Refer=top
"""看了视频那哪里是在上课明明就是在跟猫咪玩嘛​""",4495601997770796,2020-04-19 16:37:41,武术老师上网课被猫咪打断,https://s.weibo.com/weibo?q=武术老师上网课被猫咪打断&Refer=top
"""这个武术课，上出了特色，效果应该是不错。@黄毛秋莎​""",4495570678456692,2020-04-19 16:37:41,武术老师上网课被猫咪打断,https://s.weibo.com/weibo?q=武术老师上网课被猫咪打断&Refer=top
"""哈哈哈哈哈闵玧其也是这么黏着我的​""",4495542120075142,2020-04-19 16:37:41,武术老师上网课被猫咪打断,https://s.weibo.com/weibo?q=武术老师上网课被猫咪打断&Refer=top
"""试问谁不喜欢小猫咪呢(•.•)L张同话的微博视频​""",4495580464219594,2020-04-19 16:37:41,武术老师上网课被猫咪打断,https://s.weibo.com/weibo?q=武术老师上网课被猫咪打断&Refer=top
"""哈哈我们语文老师的猫也特别爱撒娇老是在上课时跑到她书房喵喵叫然后语文老师总是一脸宠溺地对她的小猫说：宝宝，妈妈在上课，你出去噢。​""",4495572465515419,2020-04-19 16:37:41,武术老师上网课被猫咪打断,https://s.weibo.com/weibo?q=武术老师上网课被猫咪打断&Refer=top
"""哇哇哇，这只猫咪好可爱啊，，，好想养一只贼可爱，，，​""",4495595521491113,2020-04-19 16:37:41,武术老师上网课被猫咪打断,https://s.weibo.com/weibo?q=武术老师上网课被猫咪打断&Refer=top
"""神仙颜值布偶，这样的小猫咪我一口气也能吸秃十只！！​""",4495549014783490,2020-04-19 16:37:41,武术老师上网课被猫咪打断,https://s.weibo.com/weibo?q=武术老师上网课被猫咪打断&Refer=top
"""猫咪一旦黏人，那绝对是致命的诱惑，可惜我的猫长大了，连抱都不让抱了时不时摸摸毛都会被警告​""",4495590962252769,2020-04-19 16:37:41,武术老师上网课被猫咪打断,https://s.weibo.com/weibo?q=武术老师上网课被猫咪打断&Refer=top
"""猫咪跟狗子一样，应该被列为人类伴侣，虽然没人吃，但是虐猫的人不少…​""",4495584881129376,2020-04-19 16:37:41,武术老师上网课被猫咪打断,https://s.weibo.com/weibo?q=武术老师上网课被猫咪打断&Refer=top
"""猫猫太可爱了呜呜呜呜我也想有猫​""",4495583299668739,2020-04-19 16:37:41,武术老师上网课被猫咪打断,https://s.weibo.com/weibo?q=武术老师上网课被猫咪打断&Refer=top
"""我们上课时老师的猫也在旁边听课，结果睡着了！​""",4495575347123799,2020-04-19 16:37:41,武术老师上网课被猫咪打断,https://s.weibo.com/weibo?q=武术老师上网课被猫咪打断&Refer=top
